{
    "^GSPC": {
        "GARCH(1,1)": {
            "MAE": 0.02369425661938191,
            "MSE": 0.0010476615922154907,
            "R2": -0.1242338810909962,
            "MSLE": 0.0007852565661189637
        },
        "EGARCH": {
            "MAE": 0.02352558518023428,
            "MSE": 0.0009466672818147028,
            "R2": -0.01585802156379823,
            "MSLE": 0.0007135624620989311
        },
        "FIGARCH": {
            "MAE": 0.023736277293592806,
            "MSE": 0.0010631403846950846,
            "R2": -0.14084399935173764,
            "MSLE": 0.0007998085114106811
        },
        "APARCH": {
            "MAE": 0.022454767346492193,
            "MSE": 0.0008625473032966224,
            "R2": 0.07441018205210825,
            "MSLE": 0.0006508550882407982
        },
        "GJR-GARCH": {
            "MAE": 0.035976371473226805,
            "MSE": 0.018986421660675053,
            "R2": -19.374115716576195,
            "MSLE": 0.006378672493798165
        }
    },
    "^IXIC": {
        "GARCH(1,1)": {
            "MAE": 0.02418802800985042,
            "MSE": 0.0008623204594343982,
            "R2": 0.49381016894228935,
            "MSLE": 0.0006051120904980706
        },
        "EGARCH": {
            "MAE": 0.02849808709013934,
            "MSE": 0.0012029253520641917,
            "R2": 0.2938720471322256,
            "MSLE": 0.0008331174261058272
        },
        "FIGARCH": {
            "MAE": 0.024769365515793475,
            "MSE": 0.000970148449069432,
            "R2": 0.4305141735156579,
            "MSLE": 0.0006749909609821706
        },
        "APARCH": {
            "MAE": 0.034231728090041325,
            "MSE": 0.009885145381353763,
            "R2": -4.802668852192571,
            "MSLE": 0.0034402136355448595
        },
        "GJR-GARCH": {
            "MAE": 0.027556956346792675,
            "MSE": 0.0014161069685155177,
            "R2": 0.16873252940944583,
            "MSLE": 0.0009492664042585251
        }
    },
    "BTC-USD": {
        "GARCH(1,1)": {
            "MAE": 0.11591799564834696,
            "MSE": 0.018142469816099537,
            "R2": -0.07268636011283824,
            "MSLE": 0.008929387559848427
        },
        "EGARCH": {
            "MAE": 0.11295717937748022,
            "MSE": 0.016273221050240465,
            "R2": 0.03783429529513993,
            "MSLE": 0.008101294486300908
        },
        "FIGARCH": {
            "MAE": 0.09839097330743009,
            "MSE": 0.013978632151222905,
            "R2": 0.173503486920762,
            "MSLE": 0.006664399052796697
        },
        "APARCH": {
            "MAE": 0.10964493309761725,
            "MSE": 0.016163871916104855,
            "R2": 0.044299640193954604,
            "MSLE": 0.008019131199791436
        },
        "GJR-GARCH": {
            "MAE": 0.11728525070902183,
            "MSE": 0.02002381871171724,
            "R2": -0.18392244425126214,
            "MSLE": 0.009434430528532805
        }
    },
    "GC=F": {
        "GARCH(1,1)": {
            "MAE": 0.012755312137991888,
            "MSE": 0.00022707378472711619,
            "R2": 0.7565633857932577,
            "MSLE": 0.00017374801373361943
        },
        "EGARCH": {
            "MAE": 0.015949081544128225,
            "MSE": 0.0003720835466340428,
            "R2": 0.6011042890596989,
            "MSLE": 0.000287617809955931
        },
        "FIGARCH": {
            "MAE": 0.017458626020988015,
            "MSE": 0.00041655170786429667,
            "R2": 0.5534317731728405,
            "MSLE": 0.000316139525862512
        },
        "APARCH": {
            "MAE": 0.015681549732637648,
            "MSE": 0.0003496048250622312,
            "R2": 0.6252028166713912,
            "MSLE": 0.0002669458271730295
        },
        "GJR-GARCH": {
            "MAE": 0.014053087193608852,
            "MSE": 0.00030781704513044945,
            "R2": 0.6700018042517247,
            "MSLE": 0.00023560591920195265
        }
    },
    "EURUSD=X": {
        "GARCH(1,1)": {
            "MAE": 3.736082366320638,
            "MSE": 278.729387195356,
            "R2": -1977524.1379540267,
            "MSLE": 1.6196048561009544
        },
        "EGARCH": {
            "MAE": 1.9707625227304125e+153,
            "MSE": Infinity,
            "R2": -Infinity,
            "MSLE": 1219.5357664783269
        },
        "FIGARCH": {
            "MAE": 0.04414267143534505,
            "MSE": 0.07276068048548898,
            "R2": -515.2214008451448,
            "MSLE": 0.01885308831470283
        },
        "APARCH": {
            "MAE": 0.36016837440130434,
            "MSE": 1.6980682080918155,
            "R2": -12046.42923324614,
            "MSLE": 0.19627249485854073
        },
        "GJR-GARCH": {
            "MAE": 3.6257309687210935,
            "MSE": 485.0999066540842,
            "R2": -3441678.650216611,
            "MSLE": 1.141886927994685
        }
    },
    "EURGBP=X": {
        "GARCH(1,1)": {
            "MAE": 8.205290420703703,
            "MSE": 5438.00912353754,
            "R2": -112177.46515517254,
            "MSLE": 1.3692427818964543
        },
        "EGARCH": {
            "MAE": 5.632041910779951,
            "MSE": 2296.7393141191415,
            "R2": -47377.49556085806,
            "MSLE": 0.5301795141153484
        },
        "FIGARCH": {
            "MAE": 11.535944003622582,
            "MSE": 30762.553627479632,
            "R2": -634587.13175721,
            "MSLE": 1.204582664659326
        },
        "APARCH": {
            "MAE": 0.09843079085367658,
            "MSE": 0.04436068555123361,
            "R2": 0.08490156869552501,
            "MSLE": 0.023086620036083246
        },
        "GJR-GARCH": {
            "MAE": 4.477585636918862,
            "MSE": 480.5357349045384,
            "R2": -9911.77505594495,
            "MSLE": 1.5963971973806104
        }
    },
    "^FTSE": {
        "GARCH(1,1)": {
            "MAE": 0.026020582246375927,
            "MSE": 0.0008931637478823149,
            "R2": -5.058297207317447,
            "MSLE": 0.0007191347952854176
        },
        "EGARCH": {
            "MAE": 0.022198394772846762,
            "MSE": 0.000620426765024145,
            "R2": -3.208332175150076,
            "MSLE": 0.000504237437559754
        },
        "FIGARCH": {
            "MAE": 0.010687881077874115,
            "MSE": 0.00016377047450878644,
            "R2": -0.1108491703901584,
            "MSLE": 0.00013406493776157977
        },
        "APARCH": {
            "MAE": 0.022526892486041512,
            "MSE": 0.0006332525108121623,
            "R2": -3.2953287422113116,
            "MSLE": 0.0005145897830200935
        },
        "GJR-GARCH": {
            "MAE": 10.897085503426771,
            "MSE": 1438.8196641860154,
            "R2": -9759460.435866637,
            "MSLE": 2.445766363839914
        }
    },
    "^FCHI": {
        "GARCH(1,1)": {
            "MAE": 0.03500738262025759,
            "MSE": 0.001775469596330573,
            "R2": -1.0783088853088278,
            "MSLE": 0.0013694045347801657
        },
        "EGARCH": {
            "MAE": 0.02999477540370244,
            "MSE": 0.00130225585343173,
            "R2": -0.5243797566154864,
            "MSLE": 0.000993531095198607
        },
        "FIGARCH": {
            "MAE": 0.018514892937865512,
            "MSE": 0.000509789336572173,
            "R2": 0.4032566313591932,
            "MSLE": 0.00039435054704054754
        },
        "APARCH": {
            "MAE": 0.028518907170780303,
            "MSE": 0.001207386079044866,
            "R2": -0.4133281816051575,
            "MSLE": 0.0009289256894977548
        },
        "GJR-GARCH": {
            "MAE": 6.266279265599988,
            "MSE": 1380.8145272352408,
            "R2": -1616337.0701351033,
            "MSLE": 1.104326275423264
        }
    },
    "^GDAXI": {
        "GARCH(1,1)": {
            "MAE": 0.021643602443615646,
            "MSE": 0.0006479897146618108,