{
    "^GSPC": {
        "GARCH(1,1)": {
            "MAE": 2.3190000473916017,
            "MSE": 9.649768048644995,
            "R2": -0.037702631897143846,
            "MSLE": 0.04137434336649835
        },
        "EGARCH": {
            "MAE": 2.356412267788969,
            "MSE": 9.480207709110344,
            "R2": -0.019468700292415875,
            "MSLE": 0.04121020887502449
        },
        "FIGARCH": {
            "MAE": 2.3181765248663107,
            "MSE": 10.42238542802896,
            "R2": -0.12078722874906456,
            "MSLE": 0.04322282824450171
        },
        "APARCH": {
            "MAE": 2.303687160978063,
            "MSE": 9.293404680916854,
            "R2": 0.0006194503269100204,
            "MSLE": 0.040467753086841265
        },
        "GJR-GARCH": {
            "MAE": 2.5294544500667118,
            "MSE": 13.066273700337133,
            "R2": -0.40510181587548066,
            "MSLE": 0.05046892390317762
        }
    },
    "^IXIC": {
        "error": "Error downloading data for ^IXIC: No data returned or invalid column."
    },
    "BTC-USD": {
        "GARCH(1,1)": {
            "MAE": 11.472500492336794,
            "MSE": 178.43628390842866,
            "R2": -0.05634470944672709,
            "MSLE": 0.10725372776642605
        },
        "EGARCH": {
            "MAE": 11.31289894060412,
            "MSE": 163.23872322818312,
            "R2": 0.03362501234658055,
            "MSLE": 0.10044587151140956
        },
        "FIGARCH": {
            "MAE": 8.780476997052709,
            "MSE": 121.35438587646891,
            "R2": 0.2815807374998285,
            "MSLE": 0.06615627523032024
        },
        "APARCH": {
            "MAE": 11.243514000120857,
            "MSE": 167.47150106385942,
            "R2": 0.008566922281924017,
            "MSLE": 0.10265121907815712
        },
        "GJR-GARCH": {
            "MAE": 11.782708158984265,
            "MSE": 204.6018527966643,
            "R2": -0.21124515715463854,
            "MSLE": 0.11247963398045109
        }
    },
    "GC=F": {
        "GARCH(1,1)": {
            "MAE": 1.4826078110972039,
            "MSE": 3.0713903130326585,
            "R2": 0.6712905494333385,
            "MSLE": 0.01418868628576142
        },
        "EGARCH": {
            "MAE": 1.602861975792365,
            "MSE": 3.7565040570307704,
            "R2": 0.597967611150407,
            "MSLE": 0.01823833987251842
        },
        "FIGARCH": {
            "MAE": 1.7476286809519863,
            "MSE": 4.198322752554012,
            "R2": 0.5506828424125239,
            "MSLE": 0.018022500164812025
        },
        "APARCH": {
            "MAE": 1.4793119004822302,
            "MSE": 3.128018387628423,
            "R2": 0.6652300421744477,
            "MSLE": 0.014821663428680475
        },
        "GJR-GARCH": {
            "MAE": 1.7823701325213803,
            "MSE": 4.574654021304218,
            "R2": 0.510406735511675,
            "MSLE": 0.020268955091422455
        }
    },
    "EURUSD=X": {
        "GARCH(1,1)": {
            "MAE": 0.5167942329151246,
            "MSE": 0.4072226500154587,
            "R2": 0.7134256313773618,
            "MSLE": 0.008453072705932973
        },
        "EGARCH": {
            "MAE": 0.5327089300805914,
            "MSE": 0.4130012341246652,
            "R2": 0.7093590744396134,
            "MSLE": 0.0085168701865917
        },
        "FIGARCH": {
            "MAE": 0.6479916499905042,
            "MSE": 0.6548047291378061,
            "R2": 0.5391949543654782,
            "MSLE": 0.012957940548763161
        },
        "APARCH": {
            "MAE": 0.5179597515233335,
            "MSE": 0.41114810625610826,
            "R2": 0.7106631741720044,
            "MSLE": 0.008502213283621307
        },
        "GJR-GARCH": {
            "MAE": 0.515111226773278,
            "MSE": 0.41390577627366054,
            "R2": 0.7087225219412907,
            "MSLE": 0.008592767079271514
        }
    },
    "EURGBP=X": {
        "GARCH(1,1)": {
            "MAE": 5.6950841851585645,
            "MSE": 300.8625496507811,
            "R2": 0.3983350164119228,
            "MSLE": 0.17420443100416294
        },
        "EGARCH": {
            "MAE": 2721.1934599405195,
            "MSE": 1262787413.8860245,
            "R2": -2525321.5086766556,
            "MSLE": 1.2525435528353048
        },
        "FIGARCH": {
            "MAE": 5.286012799600314,
            "MSE": 250.27077849993168,
            "R2": 0.49950844991004095,
            "MSLE": 0.13470954537239438
        },
        "APARCH": {
            "MAE": 7.059186219200223,
            "MSE": 459.267049727353,
            "R2": 0.0815576672553966,
            "MSLE": 0.3001566180359653
        },
        "GJR-GARCH": {
            "MAE": 5.876171012744612,
            "MSE": 333.14346632158146,
            "R2": 0.3337796331597064,
            "MSLE": 0.19322408088942555
        }
    },
    "^FTSE": {
        "GARCH(1,1)": {
            "MAE": 2.331096836123868,
            "MSE": 6.66861243201036,
            "R2": -3.535773483358115,
            "MSLE": 0.0491782141210172
        },
        "EGARCH": {
            "MAE": 2.2185109878150255,
            "MSE": 6.186497108100398,
            "R2": -3.207854306106997,
            "MSLE": 0.04576837516015763
        },
        "FIGARCH": {
            "MAE": 1.2689147205185365,
            "MSE": 2.668047882503081,
            "R2": -0.8147194729292435,
            "MSLE": 0.019619041132321692
        },
        "APARCH": {
            "MAE": 2.3305721943194504,
            "MSE": 6.678001890603359,
            "R2": -3.5421598879877765,
            "MSLE": 0.04923398016358895
        },
        "GJR-GARCH": {
            "MAE": 2.1094433982933842,
            "MSE": 6.539848777852559,
            "R2": -3.448192629904141,
            "MSLE": 0.047012513104495966
        }
    },
    "^FCHI": {
        "GARCH(1,1)": {
            "MAE": 2.8809628453493126,
            "MSE": 12.37026341910181,
            "R2": -0.44883242833995785,
            "MSLE": 0.06419447313487951
        },
        "EGARCH": {
            "MAE": 2.990622369128122,
            "MSE": 12.93841413168033,
            "R2": -0.515375487988722,
            "MSLE": 0.06238726441348692
        },
        "FIGARCH": {
            "MAE": 2.3536659915705966,
            "MSE": 9.280569581845652,
            "R2": -0.08696069825647101,
            "MSLE": 0.04548124792539584
        },
        "APARCH": {
            "MAE": 2.8981309859555626,
            "MSE": 12.510899552235042,
            "R2": -0.4653040412213072,
            "MSLE": 0.06371761296877876
        },
        "GJR-GARCH": {
            "MAE": 2.9692639332076514,
            "MSE": 14.902727404862606,
            "R2": -0.7454401740171888,
            "MSLE": 0.06887805388531978
        }
    },
    "^GDAXI": {
        "GARCH(1,1)": {
            "MAE": 2.673468937161401,
            "MSE": 10.131352103190792,
            "R2": -0.8340017732553613,
            "MSLE": 0.05773952929532477
        },
        "EGARCH": {
            "MAE": 2.94386414434953,
            "MSE": 11.72062922773528,
            "R2": -1.1216965483378303,
            "MSLE": 0.05931176444956794
        },
        "FIGARCH": {
            "MAE": 1.9549290697012538,
            "MSE": 5.79997081034146,
            "R2": -0.04992469343213135,
            "MSLE": 0.03301185053482777
        },
        "APARCH": {
            "MAE": 2.7086072454562737,
            "MSE": 10.349265500434054,
            "R2": -0.8734489815736246,
            "MSLE": 0.057993381450138846
        },
        "GJR-GARCH": {
            "MAE": 2.84736867514725,
            "MSE": 13.107810473059644,
            "R2": -1.3728074403332058,
            "MSLE": 0.06382911669860186
        }
    },
    "FTSEMIB.MI": {
        "GARCH(1,1)": {
            "MAE": 3.154322156068973,
            "MSE": 13.93866854064429,
            "R2": -0.3567944162214478,